Suite/Test/Step Name,Browser,Description,Tag,Start time,End time,Duration,Status
Run all test cases,Chrome 97.0.4692.71,,,1/17/2022 17:03,1/17/2022 17:21,18m - 15.962s,FAILED
,,,,,,,
Test Cases/Admin Login,Chrome 97.0.4692.71,,,1/17/2022 17:03,1/17/2022 17:03,7.615s,PASSED
"openBrowser("""")",Chrome 97.0.4692.71,,,1/17/2022 17:03,1/17/2022 17:03,2.789s,PASSED
"navigateToUrl(""http://localhost/moodle/login/index.php"")",Chrome 97.0.4692.71,,,1/17/2022 17:03,1/17/2022 17:03,0.854s,PASSED
"setText(findTestObject(""Object Repository/Page_Moodle Log in to the site/input_Username_username""), ""admin"")",Chrome 97.0.4692.71,,,1/17/2022 17:03,1/17/2022 17:03,0.929s,PASSED
"setEncryptedText(findTestObject(""Object Repository/Page_Moodle Log in to the site/input_Password_password""), ""8JanWqnBZBo6yBKKrpSnpw=="")",Chrome 97.0.4692.71,,,1/17/2022 17:03,1/17/2022 17:03,0.475s,PASSED
"click(findTestObject(""Object Repository/Page_Moodle Log in to the site/button_Log in""))",Chrome 97.0.4692.71,,,1/17/2022 17:03,1/17/2022 17:03,2.130s,PASSED
,,,,,,,
Test Cases/Admin Add User,Chrome 97.0.4692.71,,,1/17/2022 17:03,1/17/2022 17:04,28.856s,PASSED
"callTestCase(findTestCase(""Admin Login""), [:], STOP_ON_FAILURE)",Chrome 97.0.4692.71,,,1/17/2022 17:03,1/17/2022 17:03,6.293s,PASSED
"click(findTestObject(""Page_Dashboard/span_Site administration""))",Chrome 97.0.4692.71,,,1/17/2022 17:03,1/17/2022 17:03,3.732s,PASSED
"click(findTestObject(""Object Repository/Page_Moodle Administration Search/a_Users (3)""))",Chrome 97.0.4692.71,,,1/17/2022 17:03,1/17/2022 17:03,0.518s,PASSED
"click(findTestObject(""Object Repository/Page_Moodle Administration Search/a_Add a new user (2)""))",Chrome 97.0.4692.71,,,1/17/2022 17:03,1/17/2022 17:03,1.653s,PASSED
"setText(findTestObject(""Object Repository/Page_Moodle Administration Users Accounts A_0fbd97/input_Username_username (2)""), ""minhduc"")",Chrome 97.0.4692.71,,,1/17/2022 17:03,1/17/2022 17:03,1.340s,PASSED
"click(findTestObject(""Page_Moodle Administration Users Accounts A_0fbd97/a_Click to enter text""))",Chrome 97.0.4692.71,,,1/17/2022 17:03,1/17/2022 17:03,0.543s,PASSED
"setEncryptedText(findTestObject(""Object Repository/Page_Moodle Administration Users Accounts A_0fbd97/input_New password_newpassword (2)""), ""8JanWqnBZBo6yBKKrpSnpw=="")",Chrome 97.0.4692.71,,,1/17/2022 17:03,1/17/2022 17:03,0.553s,PASSED
"setText(findTestObject(""Object Repository/Page_Moodle Administration Users Accounts A_0fbd97/input_First name_firstname (2)""), ""Đức"")",Chrome 97.0.4692.71,,,1/17/2022 17:03,1/17/2022 17:03,0.820s,PASSED
"setText(findTestObject(""Object Repository/Page_Moodle Administration Users Accounts A_0fbd97/input_Surname_lastname (2)""), ""Hồ"")",Chrome 97.0.4692.71,,,1/17/2022 17:03,1/17/2022 17:03,0.941s,PASSED
"setText(findTestObject(""Object Repository/Page_Moodle Administration Users Accounts A_0fbd97/input_Email address_email (2)""), ""hnmduc19@clc.fitus.edu.vn"")",Chrome 97.0.4692.71,,,1/17/2022 17:03,1/17/2022 17:03,0.850s,PASSED
"selectOptionByValue(findTestObject(""Object Repository/Page_Moodle Administration Users Accounts A_0fbd97/select_Select a country.            Afghani_160506 (2)""), ""VN"", true)",Chrome 97.0.4692.71,,,1/17/2022 17:03,1/17/2022 17:03,8.926s,PASSED
"click(findTestObject(""Object Repository/Page_Moodle Administration Users Accounts A_0fbd97/input_Address_submitbutton (2)""))",Chrome 97.0.4692.71,,,1/17/2022 17:03,1/17/2022 17:04,2.032s,PASSED
,,,,,,,
Test Cases/Admin Add Exists User,Chrome 97.0.4692.71,,,1/17/2022 17:04,1/17/2022 17:04,28.135s,PASSED
"callTestCase(findTestCase(""Admin Login""), [:], STOP_ON_FAILURE)",Chrome 97.0.4692.71,,,1/17/2022 17:04,1/17/2022 17:04,6.047s,PASSED
"click(findTestObject(""Page_Dashboard/span_Site administration""))",Chrome 97.0.4692.71,,,1/17/2022 17:04,1/17/2022 17:04,3.747s,PASSED
"click(findTestObject(""Object Repository/Page_Moodle Administration Search/a_Users (3)""))",Chrome 97.0.4692.71,,,1/17/2022 17:04,1/17/2022 17:04,0.488s,PASSED
"click(findTestObject(""Object Repository/Page_Moodle Administration Search/a_Add a new user (2)""))",Chrome 97.0.4692.71,,,1/17/2022 17:04,1/17/2022 17:04,1.766s,PASSED
"setText(findTestObject(""Object Repository/Page_Moodle Administration Users Accounts A_0fbd97/input_Username_username (2)""), ""minhduc"")",Chrome 97.0.4692.71,,,1/17/2022 17:04,1/17/2022 17:04,1.292s,PASSED
"click(findTestObject(""Page_Moodle Administration Users Accounts A_0fbd97/a_Click to enter text""))",Chrome 97.0.4692.71,,,1/17/2022 17:04,1/17/2022 17:04,0.454s,PASSED
"setEncryptedText(findTestObject(""Object Repository/Page_Moodle Administration Users Accounts A_0fbd97/input_New password_newpassword (2)""), ""8JanWqnBZBo6yBKKrpSnpw=="")",Chrome 97.0.4692.71,,,1/17/2022 17:04,1/17/2022 17:04,0.545s,PASSED
"setText(findTestObject(""Object Repository/Page_Moodle Administration Users Accounts A_0fbd97/input_First name_firstname (2)""), ""Đức"")",Chrome 97.0.4692.71,,,1/17/2022 17:04,1/17/2022 17:04,0.832s,PASSED
"setText(findTestObject(""Object Repository/Page_Moodle Administration Users Accounts A_0fbd97/input_Surname_lastname (2)""), ""Hồ"")",Chrome 97.0.4692.71,,,1/17/2022 17:04,1/17/2022 17:04,1.043s,PASSED
"setText(findTestObject(""Object Repository/Page_Moodle Administration Users Accounts A_0fbd97/input_Email address_email (2)""), ""hongocminhduc@gmail.com"")",Chrome 97.0.4692.71,,,1/17/2022 17:04,1/17/2022 17:04,0.849s,PASSED
"selectOptionByValue(findTestObject(""Object Repository/Page_Moodle Administration Users Accounts A_0fbd97/select_Select a country.            Afghani_160506 (2)""), ""VN"", true)",Chrome 97.0.4692.71,,,1/17/2022 17:04,1/17/2022 17:04,8.813s,PASSED
"click(findTestObject(""Object Repository/Page_Moodle Administration Users Accounts A_0fbd97/input_Address_submitbutton (2)""))",Chrome 97.0.4692.71,,,1/17/2022 17:04,1/17/2022 17:04,1.834s,PASSED
,,,,,,,
Test Cases/Admin Update Profile,Chrome 97.0.4692.71,,,1/17/2022 17:04,1/17/2022 17:05,37.801s,FAILED
"callTestCase(findTestCase(""Admin Login""), [:], STOP_ON_FAILURE)",Chrome 97.0.4692.71,,,1/17/2022 17:04,1/17/2022 17:04,5.853s,PASSED
"click(findTestObject(""Object Repository/Page_Moodle Administration Search/img_c Minh_userpicture defaultuserpic""))",Chrome 97.0.4692.71,,,1/17/2022 17:04,1/17/2022 17:05,31.497s,FAILED
,,,,,,,
Test Cases/Admin Create New Category,Chrome 97.0.4692.71,,,1/17/2022 17:05,1/17/2022 17:05,18.888s,PASSED
"callTestCase(findTestCase(""Admin Login""), [:], STOP_ON_FAILURE)",Chrome 97.0.4692.71,,,1/17/2022 17:05,1/17/2022 17:05,5.990s,PASSED
"click(findTestObject(""Object Repository/Page_Dashboard/span_Site administration (2)""))",Chrome 97.0.4692.71,,,1/17/2022 17:05,1/17/2022 17:05,3.399s,PASSED
"click(findTestObject(""Object Repository/Page_Moodle Administration Search/a_Courses""))",Chrome 97.0.4692.71,,,1/17/2022 17:05,1/17/2022 17:05,0.522s,PASSED
"click(findTestObject(""Object Repository/Page_Moodle Administration Search/a_Add a category""))",Chrome 97.0.4692.71,,,1/17/2022 17:05,1/17/2022 17:05,1.703s,PASSED
"setText(findTestObject(""Object Repository/Page_Moodle Add new category/input_Category name_name""), ""New Category"")",Chrome 97.0.4692.71,,,1/17/2022 17:05,1/17/2022 17:05,1.283s,PASSED
"click(findTestObject(""Object Repository/Page_Moodle Add new category/input_Description_submitbutton""))",Chrome 97.0.4692.71,,,1/17/2022 17:05,1/17/2022 17:05,5.523s,PASSED
,,,,,,,
Test Cases/Admin Add Child Category,Chrome 97.0.4692.71,,,1/17/2022 17:05,1/17/2022 17:05,18.994s,PASSED
"callTestCase(findTestCase(""Admin Login""), [:], STOP_ON_FAILURE)",Chrome 97.0.4692.71,,,1/17/2022 17:05,1/17/2022 17:05,5.993s,PASSED
"click(findTestObject(""Page_Dashboard/span_Site administration""))",Chrome 97.0.4692.71,,,1/17/2022 17:05,1/17/2022 17:05,3.597s,PASSED
"click(findTestObject(""Object Repository/Page_Moodle Administration Search/a_Courses (1)""))",Chrome 97.0.4692.71,,,1/17/2022 17:05,1/17/2022 17:05,0.500s,PASSED
"click(findTestObject(""Object Repository/Page_Moodle Administration Search/a_Add a category (1)""))",Chrome 97.0.4692.71,,,1/17/2022 17:05,1/17/2022 17:05,1.588s,PASSED
"click(findTestObject(""Object Repository/Page_Moodle Add new category/span_""))",Chrome 97.0.4692.71,,,1/17/2022 17:05,1/17/2022 17:05,1.010s,PASSED
"click(findTestObject(""Object Repository/Page_Moodle Add new category/li_New Category""))",Chrome 97.0.4692.71,,,1/17/2022 17:05,1/17/2022 17:05,0.612s,PASSED
"selectOptionByValue(findTestObject(""Object Repository/Page_Moodle Add new category/select_Top            Miscellaneous        _183c6c""), ""2"", true)",Chrome 97.0.4692.71,,,1/17/2022 17:05,1/17/2022 17:05,1.981s,PASSED
"setText(findTestObject(""Object Repository/Page_Moodle Add new category/input_Category name_name (1)""), ""Child Category"")",Chrome 97.0.4692.71,,,1/17/2022 17:05,1/17/2022 17:05,0.694s,PASSED
"click(findTestObject(""Object Repository/Page_Moodle Add new category/input_Description_submitbutton (1)""))",Chrome 97.0.4692.71,,,1/17/2022 17:05,1/17/2022 17:05,2.596s,PASSED
,,,,,,,
Test Cases/Admin Add New Course,Chrome 97.0.4692.71,,,1/17/2022 17:05,1/17/2022 17:06,16.325s,PASSED
"callTestCase(findTestCase(""Admin Login""), [:], STOP_ON_FAILURE)",Chrome 97.0.4692.71,,,1/17/2022 17:05,1/17/2022 17:05,6.071s,PASSED
"click(findTestObject(""Page_Dashboard/span_Site administration""))",Chrome 97.0.4692.71,,,1/17/2022 17:05,1/17/2022 17:05,3.410s,PASSED
"click(findTestObject(""Object Repository/Page_Moodle Administration Search/a_Courses (2)""))",Chrome 97.0.4692.71,,,1/17/2022 17:05,1/17/2022 17:05,0.497s,PASSED
"click(findTestObject(""Object Repository/Page_Moodle Administration Search/a_Add a new course""))",Chrome 97.0.4692.71,,,1/17/2022 17:05,1/17/2022 17:05,1.994s,PASSED
"setText(findTestObject(""Object Repository/Page_Moodle Add a new course/input_Course full name_fullname (1)""), ""New Course"")",Chrome 97.0.4692.71,,,1/17/2022 17:05,1/17/2022 17:05,1.321s,PASSED
"setText(findTestObject(""Object Repository/Page_Moodle Add a new course/input_Course short name_shortname (1)""), ""New Course"")",Chrome 97.0.4692.71,,,1/17/2022 17:05,1/17/2022 17:06,0.811s,PASSED
"click(findTestObject(""Object Repository/Page_Moodle Add a new course/input__saveanddisplay""))",Chrome 97.0.4692.71,,,1/17/2022 17:06,1/17/2022 17:06,1.874s,PASSED
,,,,,,,
Test Cases/Admin_Switch_Role,Chrome 97.0.4692.71,,,1/17/2022 17:06,1/17/2022 17:06,31.785s,FAILED
"click(findTestObject(""Page_Moodle Add an announcement/Page_Dashboard/a_Admin User""))",Chrome 97.0.4692.71,,,1/17/2022 17:06,1/17/2022 17:06,31.354s,FAILED
,,,,,,,
Test Cases/Teacher_Add_NewAnnouncement,Chrome 97.0.4692.71,,,1/17/2022 17:06,1/17/2022 17:06,21.759s,PASSED
"callTestCase(findTestCase(""Teacher Login""), [:], STOP_ON_FAILURE)",Chrome 97.0.4692.71,,,1/17/2022 17:06,1/17/2022 17:06,6.643s,PASSED
"click(findTestObject(""Object Repository/Page_Dashboard/span_Site home (22)""))",Chrome 97.0.4692.71,,,1/17/2022 17:06,1/17/2022 17:06,3.297s,PASSED
"click(findTestObject(""Object Repository/Page_Moodle/a_New Course Edited (21)""))",Chrome 97.0.4692.71,,,1/17/2022 17:06,1/17/2022 17:06,1.973s,PASSED
"click(findTestObject(""Object Repository/Page_Course New Course Edited/span_Announcements Forum""))",Chrome 97.0.4692.71,,,1/17/2022 17:06,1/17/2022 17:06,3.410s,PASSED
"click(findTestObject(""Object Repository/Page_Announcements/a_Add a new topic""))",Chrome 97.0.4692.71,,,1/17/2022 17:06,1/17/2022 17:06,1.032s,PASSED
"setText(findTestObject(""Object Repository/Page_Announcements/input_Subject_subject""), ""New Topic"")",Chrome 97.0.4692.71,,,1/17/2022 17:06,1/17/2022 17:06,0.888s,PASSED
"setText(findTestObject(""Object Repository/Page_Announcements/div_New Topic""), ""<p dir=""ltr"" style=""text-align: left;"">New Topic</p>"")",Chrome 97.0.4692.71,,,1/17/2022 17:06,1/17/2022 17:06,1.191s,PASSED
"click(findTestObject(""Object Repository/Page_Announcements/input_Message_submitbutton""))",Chrome 97.0.4692.71,,,1/17/2022 17:06,1/17/2022 17:06,2.887s,PASSED
,,,,,,,
Test Cases/Admin Edit Courses Name,Chrome 97.0.4692.71,,,1/17/2022 17:06,1/17/2022 17:07,42.859s,FAILED
"callTestCase(findTestCase(""Admin Login""), [:], STOP_ON_FAILURE)",Chrome 97.0.4692.71,,,1/17/2022 17:06,1/17/2022 17:07,6.725s,PASSED
"click(findTestObject(""Object Repository/Page_Dashboard/span_Site home (1)""))",Chrome 97.0.4692.71,,,1/17/2022 17:07,1/17/2022 17:07,2.885s,PASSED
"click(findTestObject(""Object Repository/Page_Moodle/a_New Course""))",Chrome 97.0.4692.71,,,1/17/2022 17:07,1/17/2022 17:07,1.321s,PASSED
"click(findTestObject(""Object Repository/Page_Course New Course/i_New Course_icon fa fa-cog fa-fw""))",Chrome 97.0.4692.71,,,1/17/2022 17:07,1/17/2022 17:07,31.343s,FAILED
,,,,,,,
Test Cases/Admin Assign Manager,Chrome 97.0.4692.71,,,1/17/2022 17:07,1/17/2022 17:07,17.812s,PASSED
"callTestCase(findTestCase(""Admin Login""), [:], STOP_ON_FAILURE)",Chrome 97.0.4692.71,,,1/17/2022 17:07,1/17/2022 17:07,5.940s,PASSED
"click(findTestObject(""Object Repository/Page_Dashboard/span_Site administration (8)""))",Chrome 97.0.4692.71,,,1/17/2022 17:07,1/17/2022 17:07,3.793s,PASSED
"click(findTestObject(""Page_Moodle Administration Search/a_Users (6)""))",Chrome 97.0.4692.71,,,1/17/2022 17:07,1/17/2022 17:07,0.514s,PASSED
"click(findTestObject(""Object Repository/Page_Moodle Administration Search/a_Assign system roles""))",Chrome 97.0.4692.71,,,1/17/2022 17:07,1/17/2022 17:07,1.348s,PASSED
"click(findTestObject(""Object Repository/Page_Moodle Administration Users Permission_6fdc16/a_Manager""))",Chrome 97.0.4692.71,,,1/17/2022 17:07,1/17/2022 17:07,1.540s,PASSED
"selectOptionByValue(findTestObject(""Object Repository/Page_Moodle Administration Users Permission_6fdc16/select_c H (hongocminhducgmail.com)    c H _8cfc97""), ""2"", true)",Chrome 97.0.4692.71,,,1/17/2022 17:07,1/17/2022 17:07,1.197s,PASSED
"click(findTestObject(""Object Repository/Page_Moodle Administration Users Permission_6fdc16/input_Match the search text anywhere in the_89f7b5""))",Chrome 97.0.4692.71,,,1/17/2022 17:07,1/17/2022 17:07,1.721s,PASSED
"click(findTestObject(""Object Repository/Page_Moodle Administration Users Permission_6fdc16/a_Back to the list of all roles""))",Chrome 97.0.4692.71,,,1/17/2022 17:07,1/17/2022 17:07,1.369s,PASSED
,,,,,,,
Test Cases/Admin Remove Manager,Chrome 97.0.4692.71,,,1/17/2022 17:07,1/17/2022 17:08,17.581s,PASSED
"callTestCase(findTestCase(""Admin Login""), [:], STOP_ON_FAILURE)",Chrome 97.0.4692.71,,,1/17/2022 17:07,1/17/2022 17:08,6.160s,PASSED
"click(findTestObject(""Object Repository/Page_Dashboard/span_Site administration (9)""))",Chrome 97.0.4692.71,,,1/17/2022 17:08,1/17/2022 17:08,3.858s,PASSED
"click(findTestObject(""Page_Moodle Administration Search/a_Users (6)""))",Chrome 97.0.4692.71,,,1/17/2022 17:08,1/17/2022 17:08,0.540s,PASSED
"click(findTestObject(""Object Repository/Page_Moodle Administration Search/a_Assign system roles (1)""))",Chrome 97.0.4692.71,,,1/17/2022 17:08,1/17/2022 17:08,1.280s,PASSED
"click(findTestObject(""Object Repository/Page_Moodle Administration Users Permission_6fdc16/a_Manager (1)""))",Chrome 97.0.4692.71,,,1/17/2022 17:08,1/17/2022 17:08,1.307s,PASSED
"selectOptionByValue(findTestObject(""Object Repository/Page_Moodle Administration Users Permission_6fdc16/select_c H (hongocminhducgmail.com)""), ""2"", true)",Chrome 97.0.4692.71,,,1/17/2022 17:08,1/17/2022 17:08,1.130s,PASSED
"click(findTestObject(""Object Repository/Page_Moodle Administration Users Permission_6fdc16/input_Match the search text anywhere in the_31d039""))",Chrome 97.0.4692.71,,,1/17/2022 17:08,1/17/2022 17:08,1.606s,PASSED
"click(findTestObject(""Object Repository/Page_Moodle Administration Users Permission_6fdc16/a_Back to the list of all roles (1)""))",Chrome 97.0.4692.71,,,1/17/2022 17:08,1/17/2022 17:08,1.299s,PASSED
,,,,,,,
Test Cases/Admin Assign Course Creator,Chrome 97.0.4692.71,,,1/17/2022 17:08,1/17/2022 17:08,17.134s,PASSED
"callTestCase(findTestCase(""Admin Login""), [:], STOP_ON_FAILURE)",Chrome 97.0.4692.71,,,1/17/2022 17:08,1/17/2022 17:08,5.957s,PASSED
"click(findTestObject(""Object Repository/Page_Dashboard/span_Site administration (10)""))",Chrome 97.0.4692.71,,,1/17/2022 17:08,1/17/2022 17:08,3.685s,PASSED
"click(findTestObject(""Object Repository/Page_Moodle Administration Search/a_Users (6)""))",Chrome 97.0.4692.71,,,1/17/2022 17:08,1/17/2022 17:08,0.500s,PASSED
"click(findTestObject(""Object Repository/Page_Moodle Administration Search/a_Assign system roles (2)""))",Chrome 97.0.4692.71,,,1/17/2022 17:08,1/17/2022 17:08,1.282s,PASSED
"click(findTestObject(""Object Repository/Page_Moodle Administration Users Permission_6fdc16/a_Course creator""))",Chrome 97.0.4692.71,,,1/17/2022 17:08,1/17/2022 17:08,1.353s,PASSED
"selectOptionByValue(findTestObject(""Object Repository/Page_Moodle Administration Users Permission_6fdc16/select_c H (hongocminhducgmail.com)    c H _8cfc97 (1)""), ""2"", true)",Chrome 97.0.4692.71,,,1/17/2022 17:08,1/17/2022 17:08,1.159s,PASSED
"click(findTestObject(""Object Repository/Page_Moodle Administration Users Permission_6fdc16/input_Match the search text anywhere in the_89f7b5 (1)""))",Chrome 97.0.4692.71,,,1/17/2022 17:08,1/17/2022 17:08,1.498s,PASSED
"click(findTestObject(""Object Repository/Page_Moodle Administration Users Permission_6fdc16/a_Back to the list of all roles (2)""))",Chrome 97.0.4692.71,,,1/17/2022 17:08,1/17/2022 17:08,1.295s,PASSED
,,,,,,,
Test Cases/Admin Remove Course Creator,Chrome 97.0.4692.71,,,1/17/2022 17:08,1/17/2022 17:08,18.265s,PASSED
"callTestCase(findTestCase(""Admin Login""), [:], STOP_ON_FAILURE)",Chrome 97.0.4692.71,,,1/17/2022 17:08,1/17/2022 17:08,6.555s,PASSED
"click(findTestObject(""Object Repository/Page_Dashboard/span_Site administration (11)""))",Chrome 97.0.4692.71,,,1/17/2022 17:08,1/17/2022 17:08,4.122s,PASSED
"click(findTestObject(""Object Repository/Page_Moodle Administration Search/a_Users (7)""))",Chrome 97.0.4692.71,,,1/17/2022 17:08,1/17/2022 17:08,0.494s,PASSED
"click(findTestObject(""Object Repository/Page_Moodle Administration Search/a_Assign system roles (3)""))",Chrome 97.0.4692.71,,,1/17/2022 17:08,1/17/2022 17:08,1.289s,PASSED
"click(findTestObject(""Object Repository/Page_Moodle Administration Users Permission_6fdc16/a_Course creator (1)""))",Chrome 97.0.4692.71,,,1/17/2022 17:08,1/17/2022 17:08,1.370s,PASSED
"selectOptionByValue(findTestObject(""Object Repository/Page_Moodle Administration Users Permission_6fdc16/select_c H (hongocminhducgmail.com) (1)""), ""2"", true)",Chrome 97.0.4692.71,,,1/17/2022 17:08,1/17/2022 17:08,1.098s,PASSED
"click(findTestObject(""Object Repository/Page_Moodle Administration Users Permission_6fdc16/input_Match the search text anywhere in the_31d039 (1)""))",Chrome 97.0.4692.71,,,1/17/2022 17:08,1/17/2022 17:08,1.617s,PASSED
"click(findTestObject(""Object Repository/Page_Moodle Administration Users Permission_6fdc16/a_Back to the list of all roles (3)""))",Chrome 97.0.4692.71,,,1/17/2022 17:08,1/17/2022 17:08,1.321s,PASSED
,,,,,,,
Test Cases/Admin Enroll Student,Chrome 97.0.4692.71,,,1/17/2022 17:08,1/17/2022 17:09,41.925s,FAILED
"callTestCase(findTestCase(""Admin Login""), [:], STOP_ON_FAILURE)",Chrome 97.0.4692.71,,,1/17/2022 17:08,1/17/2022 17:08,5.987s,PASSED
"click(findTestObject(""Object Repository/Page_Dashboard/span_Site home (3)""))",Chrome 97.0.4692.71,,,1/17/2022 17:08,1/17/2022 17:08,3.001s,PASSED
"click(findTestObject(""Object Repository/Page_Moodle/a_New Course Edited (2)""))",Chrome 97.0.4692.71,,,1/17/2022 17:08,1/17/2022 17:08,1.269s,PASSED
"click(findTestObject(""Object Repository/Page_Course New Course Edited/i_New Course Edited_icon fa fa-cog fa-fw (2)""))",Chrome 97.0.4692.71,,,1/17/2022 17:08,1/17/2022 17:09,31.267s,FAILED
,,,,,,,
Test Cases/Admin Unenroll Student,Chrome 97.0.4692.71,,,1/17/2022 17:09,1/17/2022 17:10,41.731s,FAILED
"callTestCase(findTestCase(""Admin Login""), [:], STOP_ON_FAILURE)",Chrome 97.0.4692.71,,,1/17/2022 17:09,1/17/2022 17:09,5.825s,PASSED
"click(findTestObject(""Object Repository/Page_Dashboard/span_Site home (2)""))",Chrome 97.0.4692.71,,,1/17/2022 17:09,1/17/2022 17:09,2.902s,PASSED
"click(findTestObject(""Object Repository/Page_Moodle/a_New Course Edited""))",Chrome 97.0.4692.71,,,1/17/2022 17:09,1/17/2022 17:09,1.227s,PASSED
"click(findTestObject(""Object Repository/Page_Course New Course Edited/i_New Course Edited_icon fa fa-cog fa-fw""))",Chrome 97.0.4692.71,,,1/17/2022 17:09,1/17/2022 17:10,31.408s,FAILED
,,,,,,,
Test Cases/Admin Assign Course Teacher,Chrome 97.0.4692.71,,,1/17/2022 17:10,1/17/2022 17:10,42.116s,FAILED
"callTestCase(findTestCase(""Admin Login""), [:], STOP_ON_FAILURE)",Chrome 97.0.4692.71,,,1/17/2022 17:10,1/17/2022 17:10,6.114s,PASSED
"click(findTestObject(""Object Repository/Page_Dashboard/span_Site home (5)""))",Chrome 97.0.4692.71,,,1/17/2022 17:10,1/17/2022 17:10,3.109s,PASSED
"click(findTestObject(""Object Repository/Page_Moodle/a_New Course Edited (4)""))",Chrome 97.0.4692.71,,,1/17/2022 17:10,1/17/2022 17:10,1.230s,PASSED
"click(findTestObject(""Object Repository/Page_Course New Course Edited/i_New Course Edited_icon fa fa-cog fa-fw (4)""))",Chrome 97.0.4692.71,,,1/17/2022 17:10,1/17/2022 17:10,31.274s,FAILED
,,,,,,,
Test Cases/Admin Remove Course Teacher,Chrome 97.0.4692.71,,,1/17/2022 17:10,1/17/2022 17:11,42.726s,FAILED
"callTestCase(findTestCase(""Admin Login""), [:], STOP_ON_FAILURE)",Chrome 97.0.4692.71,,,1/17/2022 17:10,1/17/2022 17:11,6.046s,PASSED
"click(findTestObject(""Object Repository/Page_Dashboard/span_Site home (5)""))",Chrome 97.0.4692.71,,,1/17/2022 17:11,1/17/2022 17:11,3.516s,PASSED
"click(findTestObject(""Object Repository/Page_Moodle/a_New Course Edited (4)""))",Chrome 97.0.4692.71,,,1/17/2022 17:11,1/17/2022 17:11,1.415s,PASSED
"click(findTestObject(""Object Repository/Page_Course New Course Edited/i_New Course Edited_icon fa fa-cog fa-fw (4)""))",Chrome 97.0.4692.71,,,1/17/2022 17:11,1/17/2022 17:11,31.408s,FAILED
,,,,,,,
Test Cases/Admin assign non-edit teacher,Chrome 97.0.4692.71,,,1/17/2022 17:11,1/17/2022 17:12,42.053s,FAILED
"callTestCase(findTestCase(""Admin Login""), [:], STOP_ON_FAILURE)",Chrome 97.0.4692.71,,,1/17/2022 17:11,1/17/2022 17:11,5.991s,PASSED
"click(findTestObject(""Object Repository/Page_Dashboard/span_Site home (5)""))",Chrome 97.0.4692.71,,,1/17/2022 17:11,1/17/2022 17:11,3.169s,PASSED
"click(findTestObject(""Object Repository/Page_Moodle/a_New Course Edited (4)""))",Chrome 97.0.4692.71,,,1/17/2022 17:11,1/17/2022 17:11,1.209s,PASSED
"click(findTestObject(""Object Repository/Page_Course New Course Edited/i_New Course Edited_icon fa fa-cog fa-fw (4)""))",Chrome 97.0.4692.71,,,1/17/2022 17:11,1/17/2022 17:12,31.317s,FAILED
,,,,,,,
Test Cases/Student Login,Chrome 97.0.4692.71,,,1/17/2022 17:12,1/17/2022 17:12,7.256s,PASSED
"openBrowser("""")",Chrome 97.0.4692.71,,,1/17/2022 17:12,1/17/2022 17:12,1.923s,PASSED
"navigateToUrl(""http://localhost/moodle/login/index.php"")",Chrome 97.0.4692.71,,,1/17/2022 17:12,1/17/2022 17:12,0.746s,PASSED
"setText(findTestObject(""Object Repository/Page_Moodle Log in to the site/input_Username_username (21)""), ""minhduc"")",Chrome 97.0.4692.71,,,1/17/2022 17:12,1/17/2022 17:12,1.015s,PASSED
"click(findTestObject(""Object Repository/Page_Moodle Log in to the site/form_document.getElementById(anchor).value _70e5d4""))",Chrome 97.0.4692.71,,,1/17/2022 17:12,1/17/2022 17:12,0.381s,PASSED
"setEncryptedText(findTestObject(""Object Repository/Page_Moodle Log in to the site/input_Password_password (21)""), ""8JanWqnBZBo6yBKKrpSnpw=="")",Chrome 97.0.4692.71,,,1/17/2022 17:12,1/17/2022 17:12,0.589s,PASSED
"click(findTestObject(""Object Repository/Page_Moodle Log in to the site/button_Log in (14)""))",Chrome 97.0.4692.71,,,1/17/2022 17:12,1/17/2022 17:12,2.268s,PASSED
,,,,,,,
Test Cases/Student Attempt Quiz,Chrome 97.0.4692.71,,,1/17/2022 17:12,1/17/2022 17:12,17.236s,PASSED
"callTestCase(findTestCase(""Student Login""), [:], STOP_ON_FAILURE)",Chrome 97.0.4692.71,,,1/17/2022 17:12,1/17/2022 17:12,7.954s,PASSED
"click(findTestObject(""Object Repository/Page_Dashboard/span_Site home (10)""))",Chrome 97.0.4692.71,,,1/17/2022 17:12,1/17/2022 17:12,3.765s,PASSED
"click(findTestObject(""Object Repository/Page_Moodle/a_New Course Edited (9)""))",Chrome 97.0.4692.71,,,1/17/2022 17:12,1/17/2022 17:12,1.253s,PASSED
"click(findTestObject(""Object Repository/Page_Course New Course Edited/span_New Quiz""))",Chrome 97.0.4692.71,,,1/17/2022 17:12,1/17/2022 17:12,1.809s,PASSED
"click(findTestObject(""Object Repository/Page_New Course New Quiz/button_Attempt quiz now""))",Chrome 97.0.4692.71,,,1/17/2022 17:12,1/17/2022 17:12,1.771s,PASSED
,,,,,,,
Test Cases/Student View Grades,Chrome 97.0.4692.71,,,1/17/2022 17:12,1/17/2022 17:12,12.718s,PASSED
"callTestCase(findTestCase(""Student Login""), [:], STOP_ON_FAILURE)",Chrome 97.0.4692.71,,,1/17/2022 17:12,1/17/2022 17:12,6.329s,PASSED
"click(findTestObject(""Object Repository/Page_Dashboard/span_Site home (7)""))",Chrome 97.0.4692.71,,,1/17/2022 17:12,1/17/2022 17:12,3.025s,PASSED
"click(findTestObject(""Object Repository/Page_Moodle/a_New Course Edited (6)""))",Chrome 97.0.4692.71,,,1/17/2022 17:12,1/17/2022 17:12,1.229s,PASSED
"click(findTestObject(""Object Repository/Page_Course New Course Edited/span_Grades""))",Chrome 97.0.4692.71,,,1/17/2022 17:12,1/17/2022 17:12,1.773s,PASSED
,,,,,,,
Test Cases/Student Add New Discussion Topic,Chrome 97.0.4692.71,,,1/17/2022 17:12,1/17/2022 17:13,20.375s,PASSED
"callTestCase(findTestCase(""Student Login""), [:], STOP_ON_FAILURE)",Chrome 97.0.4692.71,,,1/17/2022 17:12,1/17/2022 17:13,6.408s,PASSED
"click(findTestObject(""Object Repository/Page_Dashboard/span_Site home (8)""))",Chrome 97.0.4692.71,,,1/17/2022 17:13,1/17/2022 17:13,2.995s,PASSED
"click(findTestObject(""Object Repository/Page_Moodle/a_New Course Edited (7)""))",Chrome 97.0.4692.71,,,1/17/2022 17:13,1/17/2022 17:13,1.222s,PASSED
"click(findTestObject(""Object Repository/Page_Course New Course Edited/span_New Forum""))",Chrome 97.0.4692.71,,,1/17/2022 17:13,1/17/2022 17:13,2.218s,PASSED
"click(findTestObject(""Object Repository/Page_New Forum/a_Add a new discussion topic""))",Chrome 97.0.4692.71,,,1/17/2022 17:13,1/17/2022 17:13,0.928s,PASSED
"setText(findTestObject(""Object Repository/Page_New Forum/input_Subject_subject""), ""New discussion topic"")",Chrome 97.0.4692.71,,,1/17/2022 17:13,1/17/2022 17:13,0.876s,PASSED
"click(findTestObject(""Object Repository/Page_New Forum/div_Subject""))",Chrome 97.0.4692.71,,,1/17/2022 17:13,1/17/2022 17:13,0.493s,PASSED
"setText(findTestObject(""Object Repository/Page_New Forum/input_Subject_subject""), ""New discussion topic"")",Chrome 97.0.4692.71,,,1/17/2022 17:13,1/17/2022 17:13,0.933s,PASSED
"click(findTestObject(""Object Repository/Page_New Forum/p""))",Chrome 97.0.4692.71,,,1/17/2022 17:13,1/17/2022 17:13,0.399s,PASSED
"setText(findTestObject(""Object Repository/Page_New Forum/div_New discussion topic""), ""<p dir=""ltr"" style=""text-align: left; outline: rgb(255, 0, 0) solid 2px;"" id=""yui_3_17_2_1_1642383176173_510""><span style=""font-size: 14.9262px;"">New discussion topic</span><br></p>"")",Chrome 97.0.4692.71,,,1/17/2022 17:13,1/17/2022 17:13,1.516s,PASSED
"click(findTestObject(""Object Repository/Page_New Forum/input_New discussion topic_submitbutton""))",Chrome 97.0.4692.71,,,1/17/2022 17:13,1/17/2022 17:13,2.005s,PASSED
,,,,,,,
Test Cases/Student Reply A Discussion Topic,Chrome 97.0.4692.71,,,1/17/2022 17:13,1/17/2022 17:13,19.929s,PASSED
"callTestCase(findTestCase(""Student Login""), [:], STOP_ON_FAILURE)",Chrome 97.0.4692.71,,,1/17/2022 17:13,1/17/2022 17:13,6.920s,PASSED
"click(findTestObject(""Object Repository/Page_Dashboard/span_Site home (9)""))",Chrome 97.0.4692.71,,,1/17/2022 17:13,1/17/2022 17:13,3.824s,PASSED
"click(findTestObject(""Object Repository/Page_Moodle/a_New Course Edited (8)""))",Chrome 97.0.4692.71,,,1/17/2022 17:13,1/17/2022 17:13,1.361s,PASSED
"click(findTestObject(""Object Repository/Page_Course New Course Edited/span_New Forum (1)""))",Chrome 97.0.4692.71,,,1/17/2022 17:13,1/17/2022 17:13,2.848s,PASSED
"click(findTestObject(""Object Repository/Page_New Forum/a_New discussion topic""))",Chrome 97.0.4692.71,,,1/17/2022 17:13,1/17/2022 17:13,1.997s,PASSED
"click(findTestObject(""Object Repository/Page_New Course New discussion topic/a_Reply""))",Chrome 97.0.4692.71,,,1/17/2022 17:13,1/17/2022 17:13,0.627s,PASSED
"setText(findTestObject(""Object Repository/Page_New Course New discussion topic/textarea_Reply_post""), ""Reply topic"")",Chrome 97.0.4692.71,,,1/17/2022 17:13,1/17/2022 17:13,1.477s,PASSED
"click(findTestObject(""Object Repository/Page_New Course New discussion topic/span_Post to forum""))",Chrome 97.0.4692.71,,,1/17/2022 17:13,1/17/2022 17:13,0.377s,PASSED
,,,,,,,
Test Cases/Admin remove non-edit teacher,Chrome 97.0.4692.71,,,1/17/2022 17:13,1/17/2022 17:14,42.532s,FAILED
"callTestCase(findTestCase(""Admin Login""), [:], STOP_ON_FAILURE)",Chrome 97.0.4692.71,,,1/17/2022 17:13,1/17/2022 17:13,6.351s,PASSED
"click(findTestObject(""Object Repository/Page_Dashboard/span_Site home (5)""))",Chrome 97.0.4692.71,,,1/17/2022 17:13,1/17/2022 17:13,3.168s,PASSED
"click(findTestObject(""Object Repository/Page_Moodle/a_New Course Edited (4)""))",Chrome 97.0.4692.71,,,1/17/2022 17:13,1/17/2022 17:13,1.298s,PASSED
"click(findTestObject(""Object Repository/Page_Course New Course Edited/i_New Course Edited_icon fa fa-cog fa-fw (4)""))",Chrome 97.0.4692.71,,,1/17/2022 17:13,1/17/2022 17:14,31.267s,FAILED
,,,,,,,
Test Cases/Student Enter Chat Room,Chrome 97.0.4692.71,,,1/17/2022 17:14,1/17/2022 17:14,20.655s,PASSED
"callTestCase(findTestCase(""Student Login""), [:], STOP_ON_FAILURE)",Chrome 97.0.4692.71,,,1/17/2022 17:14,1/17/2022 17:14,10.115s,PASSED
"click(findTestObject(""Object Repository/Page_Dashboard/span_Site home (11)""))",Chrome 97.0.4692.71,,,1/17/2022 17:14,1/17/2022 17:14,5.017s,PASSED
"click(findTestObject(""Object Repository/Page_Moodle/a_New Course Edited (10)""))",Chrome 97.0.4692.71,,,1/17/2022 17:14,1/17/2022 17:14,1.497s,PASSED
"click(findTestObject(""Object Repository/Page_Course New Course Edited/span_Chat Room""))",Chrome 97.0.4692.71,,,1/17/2022 17:14,1/17/2022 17:14,1.653s,PASSED
"click(findTestObject(""Object Repository/Page_New Course Chat Room/a_Click here to enter the chat now""))",Chrome 97.0.4692.71,,,1/17/2022 17:14,1/17/2022 17:14,0.820s,PASSED
"switchToWindowTitle(""New Course: Chat Room"")",Chrome 97.0.4692.71,,,1/17/2022 17:14,1/17/2022 17:14,0.059s,PASSED
delay(1),Chrome 97.0.4692.71,,,1/17/2022 17:14,1/17/2022 17:14,1.022s,PASSED
,,,,,,,
Test Cases/Student Mark As Done,Chrome 97.0.4692.71,,,1/17/2022 17:14,1/17/2022 17:14,14.739s,PASSED
"callTestCase(findTestCase(""Student Login""), [:], STOP_ON_FAILURE)",Chrome 97.0.4692.71,,,1/17/2022 17:14,1/17/2022 17:14,8.008s,PASSED
"click(findTestObject(""Object Repository/Page_Dashboard/span_Site home (12)""))",Chrome 97.0.4692.71,,,1/17/2022 17:14,1/17/2022 17:14,3.207s,PASSED
"click(findTestObject(""Object Repository/Page_Moodle/a_New Course Edited (11)""))",Chrome 97.0.4692.71,,,1/17/2022 17:14,1/17/2022 17:14,1.582s,PASSED
"click(findTestObject(""Object Repository/Page_Course New Course Edited/button_Mark as done""))",Chrome 97.0.4692.71,,,1/17/2022 17:14,1/17/2022 17:14,0.875s,PASSED
"click(findTestObject(""Object Repository/Page_Course New Course Edited/button_Mark as done_1""))",Chrome 97.0.4692.71,,,1/17/2022 17:14,1/17/2022 17:14,0.620s,PASSED
,,,,,,,
Test Cases/Student Submit Assignment,Chrome 97.0.4692.71,,,1/17/2022 17:14,1/17/2022 17:15,25.927s,PASSED
"callTestCase(findTestCase(""Student Login""), [:], STOP_ON_FAILURE)",Chrome 97.0.4692.71,,,1/17/2022 17:14,1/17/2022 17:15,6.689s,PASSED
"click(findTestObject(""Object Repository/Page_Dashboard/span_Site home (13)""))",Chrome 97.0.4692.71,,,1/17/2022 17:15,1/17/2022 17:15,3.532s,PASSED
"click(findTestObject(""Object Repository/Page_Moodle/a_New Course Edited (12)""))",Chrome 97.0.4692.71,,,1/17/2022 17:15,1/17/2022 17:15,1.461s,PASSED
"click(findTestObject(""Object Repository/Page_Course New Course Edited/span_New Assignment""))",Chrome 97.0.4692.71,,,1/17/2022 17:15,1/17/2022 17:15,1.792s,PASSED
"click(findTestObject(""Object Repository/Page_New Course New Assignment/button_Add submission""))",Chrome 97.0.4692.71,,,1/17/2022 17:15,1/17/2022 17:15,1.585s,PASSED
delay(5),Chrome 97.0.4692.71,,,1/17/2022 17:15,1/17/2022 17:15,5.005s,PASSED
"click(findTestObject(""Object Repository/Page_New Course New Assignment - Edit submission/input_Loading_submitbutton""))",Chrome 97.0.4692.71,,,1/17/2022 17:15,1/17/2022 17:15,5.401s,PASSED
,,,,,,,
Test Cases/Student Submit Late,Chrome 97.0.4692.71,,,1/17/2022 17:15,1/17/2022 17:15,14.100s,PASSED
"callTestCase(findTestCase(""Student Login""), [:], STOP_ON_FAILURE)",Chrome 97.0.4692.71,,,1/17/2022 17:15,1/17/2022 17:15,6.350s,PASSED
"click(findTestObject(""Object Repository/Page_Dashboard/span_Site home (15)""))",Chrome 97.0.4692.71,,,1/17/2022 17:15,1/17/2022 17:15,2.862s,PASSED
"click(findTestObject(""Object Repository/Page_Moodle/a_New Course Edited (14)""))",Chrome 97.0.4692.71,,,1/17/2022 17:15,1/17/2022 17:15,1.561s,PASSED
"click(findTestObject(""Object Repository/Page_Course New Course Edited/span_Late Assignment""))",Chrome 97.0.4692.71,,,1/17/2022 17:15,1/17/2022 17:15,2.261s,PASSED
"click(findTestObject(""Object Repository/Page_New Course Late Assignment/div_Submission statusNo attemptGrading stat_59d06a""))",Chrome 97.0.4692.71,,,1/17/2022 17:15,1/17/2022 17:15,0.697s,PASSED
,,,,,,,
Test Cases/Student View Calendar,Chrome 97.0.4692.71,,,1/17/2022 17:15,1/17/2022 17:15,14.002s,PASSED
"callTestCase(findTestCase(""Student Login""), [:], STOP_ON_FAILURE)",Chrome 97.0.4692.71,,,1/17/2022 17:15,1/17/2022 17:15,6.910s,PASSED
"click(findTestObject(""Object Repository/Page_Dashboard/span_Site home (16)""))",Chrome 97.0.4692.71,,,1/17/2022 17:15,1/17/2022 17:15,3.412s,PASSED
"click(findTestObject(""Object Repository/Page_Moodle/a_New Course Edited (15)""))",Chrome 97.0.4692.71,,,1/17/2022 17:15,1/17/2022 17:15,1.317s,PASSED
"click(findTestObject(""Object Repository/Page_Course New Course Edited/span_Calendar""))",Chrome 97.0.4692.71,,,1/17/2022 17:15,1/17/2022 17:15,1.897s,PASSED
,,,,,,,
Test Cases/Teacher Login,Chrome 97.0.4692.71,,,1/17/2022 17:15,1/17/2022 17:15,6.680s,PASSED
"openBrowser("""")",Chrome 97.0.4692.71,,,1/17/2022 17:15,1/17/2022 17:15,2.040s,PASSED
"navigateToUrl(""http://localhost/moodle/login/index.php"")",Chrome 97.0.4692.71,,,1/17/2022 17:15,1/17/2022 17:15,0.688s,PASSED
"setText(findTestObject(""Object Repository/Page_Moodle Log in to the site/input_Username_username""), ""admin"")",Chrome 97.0.4692.71,,,1/17/2022 17:15,1/17/2022 17:15,0.928s,PASSED
"setEncryptedText(findTestObject(""Object Repository/Page_Moodle Log in to the site/input_Password_password""), ""8JanWqnBZBo6yBKKrpSnpw=="")",Chrome 97.0.4692.71,,,1/17/2022 17:15,1/17/2022 17:15,0.436s,PASSED
"click(findTestObject(""Object Repository/Page_Moodle Log in to the site/button_Log in""))",Chrome 97.0.4692.71,,,1/17/2022 17:15,1/17/2022 17:15,2.582s,PASSED
,,,,,,,
Test Cases/Teacher Add New Forum,Chrome 97.0.4692.71,,,1/17/2022 17:15,1/17/2022 17:16,45.708s,FAILED
"callTestCase(findTestCase(""Teacher Login""), [:], STOP_ON_FAILURE)",Chrome 97.0.4692.71,,,1/17/2022 17:15,1/17/2022 17:16,6.953s,PASSED
"click(findTestObject(""Object Repository/Page_Dashboard/span_Site home""))",Chrome 97.0.4692.71,,,1/17/2022 17:16,1/17/2022 17:16,37.554s,FAILED
,,,,,,,
Test Cases/Teacher Add New Chat Room,Chrome 97.0.4692.71,,,1/17/2022 17:16,1/17/2022 17:17,23.933s,PASSED
"callTestCase(findTestCase(""Teacher Login""), [:], STOP_ON_FAILURE)",Chrome 97.0.4692.71,,,1/17/2022 17:16,1/17/2022 17:16,6.572s,PASSED
"click(findTestObject(""Object Repository/Page_Dashboard/span_Site home""))",Chrome 97.0.4692.71,,,1/17/2022 17:16,1/17/2022 17:16,3.513s,PASSED
"click(findTestObject(""Object Repository/Page_Moodle/a_New Course Edited""))",Chrome 97.0.4692.71,,,1/17/2022 17:16,1/17/2022 17:16,1.266s,PASSED
"click(findTestObject(""Object Repository/Page_Course New Course Edited/button_Turn editing on""))",Chrome 97.0.4692.71,,,1/17/2022 17:16,1/17/2022 17:16,2.272s,PASSED
"click(findTestObject(""Object Repository/Page_Course New Course Edited/span_Add an activity or resource""))",Chrome 97.0.4692.71,,,1/17/2022 17:16,1/17/2022 17:16,1.683s,PASSED
"click(findTestObject(""Object Repository/Page_Course New Course Edited/img_Information about the Book activity_icon icon""))",Chrome 97.0.4692.71,,,1/17/2022 17:16,1/17/2022 17:17,4.265s,PASSED
"setText(findTestObject(""Object Repository/Page_Editing Chat/input_Name of this chat room_name""), ""New Chat"")",Chrome 97.0.4692.71,,,1/17/2022 17:17,1/17/2022 17:17,1.329s,PASSED
"click(findTestObject(""Object Repository/Page_Editing Chat/input_Upon activity completion_submitbutton2""))",Chrome 97.0.4692.71,,,1/17/2022 17:17,1/17/2022 17:17,2.537s,PASSED
,,,,,,,
Test Cases/Teacher Create Assignment,Chrome 97.0.4692.71,,,1/17/2022 17:17,1/17/2022 17:17,21.931s,PASSED
"callTestCase(findTestCase(""Teacher Login""), [:], STOP_ON_FAILURE)",Chrome 97.0.4692.71,,,1/17/2022 17:17,1/17/2022 17:17,6.515s,PASSED
"click(findTestObject(""Object Repository/Page_Dashboard/span_Site home (17)""))",Chrome 97.0.4692.71,,,1/17/2022 17:17,1/17/2022 17:17,3.104s,PASSED
"click(findTestObject(""Object Repository/Page_Moodle/a_New Course Edited (16)""))",Chrome 97.0.4692.71,,,1/17/2022 17:17,1/17/2022 17:17,1.299s,PASSED
"click(findTestObject(""Object Repository/Page_Course New Course Edited/button_Turn editing on (1)""))",Chrome 97.0.4692.71,,,1/17/2022 17:17,1/17/2022 17:17,2.013s,PASSED
"click(findTestObject(""Object Repository/Page_Course New Course Edited/span_Add an activity or resource (1)""))",Chrome 97.0.4692.71,,,1/17/2022 17:17,1/17/2022 17:17,0.917s,PASSED
"click(findTestObject(""Object Repository/Page_Course New Course Edited/img_Recommended_icon icon""))",Chrome 97.0.4692.71,,,1/17/2022 17:17,1/17/2022 17:17,3.811s,PASSED
"setText(findTestObject(""Object Repository/Page_Editing Assignment/input_Assignment name_name""), ""New Assignment"")",Chrome 97.0.4692.71,,,1/17/2022 17:17,1/17/2022 17:17,1.258s,PASSED
"click(findTestObject(""Object Repository/Page_Editing Assignment/input_Upon activity completion_submitbutton2""))",Chrome 97.0.4692.71,,,1/17/2022 17:17,1/17/2022 17:17,2.403s,PASSED
,,,,,,,
Test Cases/Teacher Create Feedback,Chrome 97.0.4692.71,,,1/17/2022 17:17,1/17/2022 17:17,20.202s,PASSED
"callTestCase(findTestCase(""Teacher Login""), [:], STOP_ON_FAILURE)",Chrome 97.0.4692.71,,,1/17/2022 17:17,1/17/2022 17:17,5.986s,PASSED
"click(findTestObject(""Page_Dashboard/span_Site home""))",Chrome 97.0.4692.71,,,1/17/2022 17:17,1/17/2022 17:17,2.899s,PASSED
"click(findTestObject(""Page_Moodle/a_New Course Edited""))",Chrome 97.0.4692.71,,,1/17/2022 17:17,1/17/2022 17:17,1.154s,PASSED
"click(findTestObject(""Page_Course New Course Edited/button_Turn editing on""))",Chrome 97.0.4692.71,,,1/17/2022 17:17,1/17/2022 17:17,1.833s,PASSED
"click(findTestObject(""Page_Course New Course Edited/span_Add an activity or resource""))",Chrome 97.0.4692.71,,,1/17/2022 17:17,1/17/2022 17:17,0.888s,PASSED
"click(findTestObject(""Object Repository/Page_Course New Course Edited/img_Information about the External tool act_ef68c3""))",Chrome 97.0.4692.71,,,1/17/2022 17:17,1/17/2022 17:17,3.110s,PASSED
"setText(findTestObject(""Object Repository/Page_Editing Feedback/input_Name_name""), ""New Feedback"")",Chrome 97.0.4692.71,,,1/17/2022 17:17,1/17/2022 17:17,1.492s,PASSED
"click(findTestObject(""Object Repository/Page_Editing Feedback/input_Upon activity completion_submitbutton2""))",Chrome 97.0.4692.71,,,1/17/2022 17:17,1/17/2022 17:17,2.431s,PASSED
,,,,,,,
Test Cases/Teacher Delete Feedback,Chrome 97.0.4692.71,,,1/17/2022 17:17,1/17/2022 17:18,14.808s,PASSED
"callTestCase(findTestCase(""Teacher Login""), [:], STOP_ON_FAILURE)",Chrome 97.0.4692.71,,,1/17/2022 17:17,1/17/2022 17:17,6.678s,PASSED
"click(findTestObject(""Page_Dashboard/span_Site home""))",Chrome 97.0.4692.71,,,1/17/2022 17:17,1/17/2022 17:17,3.245s,PASSED
"click(findTestObject(""Page_Moodle/a_New Course Edited""))",Chrome 97.0.4692.71,,,1/17/2022 17:17,1/17/2022 17:17,1.270s,PASSED
"click(findTestObject(""Page_Course New Course Edited/button_Turn editing on""))",Chrome 97.0.4692.71,,,1/17/2022 17:17,1/17/2022 17:18,2.106s,PASSED
"click(findTestObject(""Page_Course New Course Edited/a_delete""))",Chrome 97.0.4692.71,,,1/17/2022 17:18,1/17/2022 17:18,0.939s,PASSED
,,,,,,,
Test Cases/Teacher Edit Forum,Chrome 97.0.4692.71,,,1/17/2022 17:18,1/17/2022 17:18,20.175s,PASSED
"openBrowser("""")",Chrome 97.0.4692.71,,,1/17/2022 17:18,1/17/2022 17:18,1.925s,PASSED
"navigateToUrl(""http://localhost/moodle/login/index.php"")",Chrome 97.0.4692.71,,,1/17/2022 17:18,1/17/2022 17:18,0.660s,PASSED
"setText(findTestObject(""Object Repository/Page_Moodle Log in to the site/input_Username_username (35)""), ""admin"")",Chrome 97.0.4692.71,,,1/17/2022 17:18,1/17/2022 17:18,0.980s,PASSED
"setEncryptedText(findTestObject(""Object Repository/Page_Moodle Log in to the site/input_Password_password (35)""), ""8JanWqnBZBo6yBKKrpSnpw=="")",Chrome 97.0.4692.71,,,1/17/2022 17:18,1/17/2022 17:18,0.440s,PASSED
"click(findTestObject(""Object Repository/Page_Moodle Log in to the site/button_Log in (26)""))",Chrome 97.0.4692.71,,,1/17/2022 17:18,1/17/2022 17:18,2.165s,PASSED
"click(findTestObject(""Object Repository/Page_Dashboard/span_Site home (20)""))",Chrome 97.0.4692.71,,,1/17/2022 17:18,1/17/2022 17:18,4.061s,PASSED
"click(findTestObject(""Object Repository/Page_Moodle/a_New Course Edited (19)""))",Chrome 97.0.4692.71,,,1/17/2022 17:18,1/17/2022 17:18,1.551s,PASSED
"click(findTestObject(""Object Repository/Page_Course New Course Edited/button_Turn editing on (4)""))",Chrome 97.0.4692.71,,,1/17/2022 17:18,1/17/2022 17:18,2.130s,PASSED
"click(findTestObject(""Object Repository/Page_Course New Course Edited/a_Edit (3)""))",Chrome 97.0.4692.71,,,1/17/2022 17:18,1/17/2022 17:18,0.998s,PASSED
"click(findTestObject(""Object Repository/Page_Course New Course Edited/a_Edit settings""))",Chrome 97.0.4692.71,,,1/17/2022 17:18,1/17/2022 17:18,2.348s,PASSED
"click(findTestObject(""Object Repository/Page_Editing Forum/input_Forum name_name (1)""))",Chrome 97.0.4692.71,,,1/17/2022 17:18,1/17/2022 17:18,1.085s,PASSED
"setText(findTestObject(""Object Repository/Page_Editing Forum/input_Forum name_name (1)""), ""Forum Edited"")",Chrome 97.0.4692.71,,,1/17/2022 17:18,1/17/2022 17:18,1.080s,PASSED
"click(findTestObject(""Object Repository/Page_Editing Forum/input_Upon activity completion_submitbutton2 (1)""))",Chrome 97.0.4692.71,,,1/17/2022 17:18,1/17/2022 17:18,0.402s,PASSED
,,,,,,,
Test Cases/Teacher Hide Assignment,Chrome 97.0.4692.71,,,1/17/2022 17:18,1/17/2022 17:18,14.000s,PASSED
"callTestCase(findTestCase(""Teacher Login""), [:], STOP_ON_FAILURE)",Chrome 97.0.4692.71,,,1/17/2022 17:18,1/17/2022 17:18,5.978s,PASSED
"click(findTestObject(""Object Repository/Page_Dashboard/span_Site home (19)""))",Chrome 97.0.4692.71,,,1/17/2022 17:18,1/17/2022 17:18,2.973s,PASSED
"click(findTestObject(""Object Repository/Page_Moodle/a_New Course Edited (18)""))",Chrome 97.0.4692.71,,,1/17/2022 17:18,1/17/2022 17:18,1.251s,PASSED
"click(findTestObject(""Object Repository/Page_Course New Course Edited/button_Turn editing on (3)""))",Chrome 97.0.4692.71,,,1/17/2022 17:18,1/17/2022 17:18,1.865s,PASSED
"click(findTestObject(""Object Repository/Page_Course New Course Edited/a_Edit (2)""))",Chrome 97.0.4692.71,,,1/17/2022 17:18,1/17/2022 17:18,0.910s,PASSED
"click(findTestObject(""Object Repository/Page_Course New Course Edited/span_Hide""))",Chrome 97.0.4692.71,,,1/17/2022 17:18,1/17/2022 17:18,0.523s,PASSED
,,,,,,,
Test Cases/Teacher View Participants,Chrome 97.0.4692.71,,,1/17/2022 17:18,1/17/2022 17:19,13.441s,PASSED
"callTestCase(findTestCase(""Teacher Login""), [:], STOP_ON_FAILURE)",Chrome 97.0.4692.71,,,1/17/2022 17:18,1/17/2022 17:19,6.376s,PASSED
"click(findTestObject(""Object Repository/Page_Dashboard/span_Site home (21)""))",Chrome 97.0.4692.71,,,1/17/2022 17:19,1/17/2022 17:19,3.308s,PASSED
"click(findTestObject(""Object Repository/Page_Moodle/a_New Course Edited (20)""))",Chrome 97.0.4692.71,,,1/17/2022 17:19,1/17/2022 17:19,1.238s,PASSED
"click(findTestObject(""Object Repository/Page_Course New Course Edited/span_Participants""))",Chrome 97.0.4692.71,,,1/17/2022 17:19,1/17/2022 17:19,1.965s,PASSED
,,,,,,,
Test Cases/User Private Chat,Chrome 97.0.4692.71,,,1/17/2022 17:19,1/17/2022 17:19,13.337s,PASSED
"openBrowser("""")",Chrome 97.0.4692.71,,,1/17/2022 17:19,1/17/2022 17:19,2.003s,PASSED
"navigateToUrl(""http://localhost/moodle/login/index.php"")",Chrome 97.0.4692.71,,,1/17/2022 17:19,1/17/2022 17:19,0.640s,PASSED
"click(findTestObject(""Object Repository/Page_Moodle Log in to the site/div_document.getElementById(anchor).value  _bffe56""))",Chrome 97.0.4692.71,,,1/17/2022 17:19,1/17/2022 17:19,0.512s,PASSED
"setText(findTestObject(""Object Repository/Page_Moodle Log in to the site/input_Username_username (38)""), ""admin"")",Chrome 97.0.4692.71,,,1/17/2022 17:19,1/17/2022 17:19,0.810s,PASSED
"setEncryptedText(findTestObject(""Object Repository/Page_Moodle Log in to the site/input_Password_password (38)""), ""8JanWqnBZBo6yBKKrpSnpw=="")",Chrome 97.0.4692.71,,,1/17/2022 17:19,1/17/2022 17:19,0.463s,PASSED
"click(findTestObject(""Object Repository/Page_Moodle Log in to the site/button_Log in (28)""))",Chrome 97.0.4692.71,,,1/17/2022 17:19,1/17/2022 17:19,2.000s,PASSED
"click(findTestObject(""Object Repository/Page_Dashboard/i_See all_icon fa fa-comment fa-fw""))",Chrome 97.0.4692.71,,,1/17/2022 17:19,1/17/2022 17:19,2.522s,PASSED
"click(findTestObject(""Object Repository/Page_Dashboard/strong_c H""))",Chrome 97.0.4692.71,,,1/17/2022 17:19,1/17/2022 17:19,1.551s,PASSED
"setText(findTestObject(""Object Repository/Page_Dashboard/textarea_Use enter to send_yui_3_17_2_1_164_abb445""), ""hi "")",Chrome 97.0.4692.71,,,1/17/2022 17:19,1/17/2022 17:19,2.069s,PASSED
"click(findTestObject(""Object Repository/Page_Dashboard/i__icon fa fa-paper-plane fa-fw""))",Chrome 97.0.4692.71,,,1/17/2022 17:19,1/17/2022 17:19,0.426s,PASSED
,,,,,,,
Test Cases/User Private Chat Emoji,Chrome 97.0.4692.71,,,1/17/2022 17:19,1/17/2022 17:19,13.521s,PASSED
"openBrowser("""")",Chrome 97.0.4692.71,,,1/17/2022 17:19,1/17/2022 17:19,1.949s,PASSED
"navigateToUrl(""http://localhost/moodle/login/index.php"")",Chrome 97.0.4692.71,,,1/17/2022 17:19,1/17/2022 17:19,0.730s,PASSED
"setText(findTestObject(""Object Repository/Page_Moodle Log in to the site/input_Username_username (39)""), ""admin"")",Chrome 97.0.4692.71,,,1/17/2022 17:19,1/17/2022 17:19,0.953s,PASSED
"setEncryptedText(findTestObject(""Object Repository/Page_Moodle Log in to the site/input_Password_password (39)""), ""8JanWqnBZBo6yBKKrpSnpw=="")",Chrome 97.0.4692.71,,,1/17/2022 17:19,1/17/2022 17:19,0.438s,PASSED
"click(findTestObject(""Object Repository/Page_Moodle Log in to the site/button_Log in (29)""))",Chrome 97.0.4692.71,,,1/17/2022 17:19,1/17/2022 17:19,2.006s,PASSED
"click(findTestObject(""Object Repository/Page_Dashboard/i_See all_icon fa fa-comment fa-fw (1)""))",Chrome 97.0.4692.71,,,1/17/2022 17:19,1/17/2022 17:19,2.587s,PASSED
"click(findTestObject(""Page_Dashboard/strong_c H""))",Chrome 97.0.4692.71,,,1/17/2022 17:19,1/17/2022 17:19,1.383s,PASSED
"click(findTestObject(""Object Repository/Page_Dashboard/i__icon fa fa-smile-o fa-fw""))",Chrome 97.0.4692.71,,,1/17/2022 17:19,1/17/2022 17:19,1.285s,PASSED
"click(findTestObject(""Object Repository/Page_Dashboard/button_""))",Chrome 97.0.4692.71,,,1/17/2022 17:19,1/17/2022 17:19,0.931s,PASSED
"click(findTestObject(""Object Repository/Page_Dashboard/i__icon fa fa-paper-plane fa-fw (1)""))",Chrome 97.0.4692.71,,,1/17/2022 17:19,1/17/2022 17:19,0.630s,PASSED
,,,,,,,
Test Cases/User Edit Email,Chrome 97.0.4692.71,,,1/17/2022 17:19,1/17/2022 17:20,25.761s,PASSED
"callTestCase(findTestCase(""Admin Login""), [:], STOP_ON_FAILURE)",Chrome 97.0.4692.71,,,1/17/2022 17:19,1/17/2022 17:19,6.068s,PASSED
"click(findTestObject(""Object Repository/Page_Moodle Administration Search/img_c Minh_userpicture defaultuserpic""))",Chrome 97.0.4692.71,,,1/17/2022 17:19,1/17/2022 17:19,2.476s,PASSED
"click(findTestObject(""Object Repository/Page_Moodle Administration Search/span_Profile""))",Chrome 97.0.4692.71,,,1/17/2022 17:19,1/17/2022 17:19,1.096s,PASSED
"click(findTestObject(""Object Repository/Page_c Minh Public profile/a_Edit profile""))",Chrome 97.0.4692.71,,,1/17/2022 17:19,1/17/2022 17:19,1.774s,PASSED
"click(findTestObject(""Object Repository/Page_Moodle Edit profile/div_Surname""))",Chrome 97.0.4692.71,,,1/17/2022 17:19,1/17/2022 17:19,1.002s,PASSED
"setText(findTestObject(""Object Repository/Page_Moodle Edit profile/input_Surname_lastname""), ""Hồ"")",Chrome 97.0.4692.71,,,1/17/2022 17:19,1/17/2022 17:19,1.035s,PASSED
"click(findTestObject(""Object Repository/Page_Moodle Edit profile/div_Email address_yui_3_17_2_1_1642339639116_856""))",Chrome 97.0.4692.71,,,1/17/2022 17:19,1/17/2022 17:19,0.424s,PASSED
"setText(findTestObject(""Object Repository/Page_Moodle Edit profile/input_Email address_email""), ""hongocminhduc@gmail.com"")",Chrome 97.0.4692.71,,,1/17/2022 17:19,1/17/2022 17:19,1.104s,PASSED
"selectOptionByValue(findTestObject(""Object Repository/Page_Moodle Edit profile/select_Select a country.            Afghani_160506""), ""VN"", true)",Chrome 97.0.4692.71,,,1/17/2022 17:19,1/17/2022 17:20,8.625s,PASSED
"sendKeys(findTestObject(""Object Repository/Page_Moodle Edit profile/input_Address_submitbutton""), Keys.chord(ENTER))",Chrome 97.0.4692.71,,,1/17/2022 17:20,1/17/2022 17:20,1.604s,PASSED
,,,,,,,
Test Cases/User Login Wrong Password,Chrome 97.0.4692.71,,,1/17/2022 17:20,1/17/2022 17:20,5.656s,PASSED
"openBrowser("""")",Chrome 97.0.4692.71,,,1/17/2022 17:20,1/17/2022 17:20,1.983s,PASSED
"navigateToUrl(""http://localhost/moodle/login/index.php"")",Chrome 97.0.4692.71,,,1/17/2022 17:20,1/17/2022 17:20,0.662s,PASSED
"setText(findTestObject(""Object Repository/Page_Moodle Log in to the site/input_Username_username (41)""), ""admin"")",Chrome 97.0.4692.71,,,1/17/2022 17:20,1/17/2022 17:20,0.960s,PASSED
"setEncryptedText(findTestObject(""Object Repository/Page_Moodle Log in to the site/input_Password_password (41)""), ""iGDxf8hSRT4="")",Chrome 97.0.4692.71,,,1/17/2022 17:20,1/17/2022 17:20,0.522s,PASSED
"click(findTestObject(""Object Repository/Page_Moodle Log in to the site/button_Log in (31)""))",Chrome 97.0.4692.71,,,1/17/2022 17:20,1/17/2022 17:20,1.113s,PASSED
,,,,,,,
Test Cases/User Log out,Chrome 97.0.4692.71,,,1/17/2022 17:20,1/17/2022 17:20,9.810s,PASSED
"openBrowser("""")",Chrome 97.0.4692.71,,,1/17/2022 17:20,1/17/2022 17:20,1.922s,PASSED
"navigateToUrl(""http://localhost/moodle/login/index.php"")",Chrome 97.0.4692.71,,,1/17/2022 17:20,1/17/2022 17:20,0.620s,PASSED
"setText(findTestObject(""Object Repository/Page_Moodle Log in to the site/input_Username_username (42)""), ""admin"")",Chrome 97.0.4692.71,,,1/17/2022 17:20,1/17/2022 17:20,0.951s,PASSED
"setEncryptedText(findTestObject(""Object Repository/Page_Moodle Log in to the site/input_Password_password (42)""), ""8JanWqnBZBo6yBKKrpSnpw=="")",Chrome 97.0.4692.71,,,1/17/2022 17:20,1/17/2022 17:20,0.436s,PASSED
"click(findTestObject(""Object Repository/Page_Moodle Log in to the site/button_Log in (32)""))",Chrome 97.0.4692.71,,,1/17/2022 17:20,1/17/2022 17:20,1.983s,PASSED
"click(findTestObject(""Object Repository/Page_Dashboard/a_c H""))",Chrome 97.0.4692.71,,,1/17/2022 17:20,1/17/2022 17:20,2.332s,PASSED
"click(findTestObject(""Object Repository/Page_Dashboard/span_Log out""))",Chrome 97.0.4692.71,,,1/17/2022 17:20,1/17/2022 17:20,1.165s,PASSED
,,,,,,,
Test Cases/Admin Block Ip,Chrome 97.0.4692.71,,,1/17/2022 17:20,1/17/2022 17:20,16.814s,PASSED
"openBrowser("""")",Chrome 97.0.4692.71,,,1/17/2022 17:20,1/17/2022 17:20,1.913s,PASSED
"navigateToUrl(""http://localhost/moodle/login/index.php"")",Chrome 97.0.4692.71,,,1/17/2022 17:20,1/17/2022 17:20,0.648s,PASSED
"setText(findTestObject(""Object Repository/Page_Moodle Log in to the site/input_Username_username (43)""), ""admin"")",Chrome 97.0.4692.71,,,1/17/2022 17:20,1/17/2022 17:20,0.962s,PASSED
"setEncryptedText(findTestObject(""Object Repository/Page_Moodle Log in to the site/input_Password_password (43)""), ""8JanWqnBZBo6yBKKrpSnpw=="")",Chrome 97.0.4692.71,,,1/17/2022 17:20,1/17/2022 17:20,0.538s,PASSED
"click(findTestObject(""Object Repository/Page_Moodle Log in to the site/button_Log in (33)""))",Chrome 97.0.4692.71,,,1/17/2022 17:20,1/17/2022 17:20,2.545s,PASSED
"click(findTestObject(""Object Repository/Page_Dashboard/span_Site administration (13)""))",Chrome 97.0.4692.71,,,1/17/2022 17:20,1/17/2022 17:20,4.184s,PASSED
"click(findTestObject(""Object Repository/Page_Moodle Administration Search/a_IP blocker""))",Chrome 97.0.4692.71,,,1/17/2022 17:20,1/17/2022 17:20,1.547s,PASSED
"click(findTestObject(""Object Repository/Page_Moodle Administration Security IP blocker/div_Moodle                                 _8c829f""))",Chrome 97.0.4692.71,,,1/17/2022 17:20,1/17/2022 17:20,0.504s,PASSED
"setText(findTestObject(""Object Repository/Page_Moodle Administration Security IP blocker/textarea_blockedip_s__blockedip""), ""151.020.014.1"")",Chrome 97.0.4692.71,,,1/17/2022 17:20,1/17/2022 17:20,1.027s,PASSED
"click(findTestObject(""Object Repository/Page_Moodle Administration Security IP blocker/div_Default Empty        Put every entry on_7344e2""))",Chrome 97.0.4692.71,,,1/17/2022 17:20,1/17/2022 17:20,0.395s,PASSED
"click(findTestObject(""Object Repository/Page_Moodle Administration Security IP blocker/button_Save changes""))",Chrome 97.0.4692.71,,,1/17/2022 17:20,1/17/2022 17:20,2.192s,PASSED
,,,,,,,
Test Cases/Admin Add New Cohort,Chrome 97.0.4692.71,,,1/17/2022 17:20,1/17/2022 17:20,16.813s,PASSED
"callTestCase(findTestCase(""Admin Login""), [:], STOP_ON_FAILURE)",Chrome 97.0.4692.71,,,1/17/2022 17:20,1/17/2022 17:20,5.972s,PASSED
"click(findTestObject(""Object Repository/Page_Dashboard/span_Site administration (14)""))",Chrome 97.0.4692.71,,,1/17/2022 17:20,1/17/2022 17:20,3.932s,PASSED
"click(findTestObject(""Object Repository/Page_Moodle Administration Search/a_Users (8)""))",Chrome 97.0.4692.71,,,1/17/2022 17:20,1/17/2022 17:20,0.506s,PASSED
"click(findTestObject(""Object Repository/Page_Moodle Administration Search/a_Cohorts""))",Chrome 97.0.4692.71,,,1/17/2022 17:20,1/17/2022 17:20,1.297s,PASSED
"click(findTestObject(""Object Repository/Page_Moodle Administration Users Accounts Cohorts/a_Add new cohort""))",Chrome 97.0.4692.71,,,1/17/2022 17:20,1/17/2022 17:20,1.540s,PASSED
"setText(findTestObject(""Object Repository/Page_Add new cohort/input_Name_name""), ""New Cohort"")",Chrome 97.0.4692.71,,,1/17/2022 17:20,1/17/2022 17:20,1.344s,PASSED
"click(findTestObject(""Object Repository/Page_Add new cohort/input_Description_submitbutton""))",Chrome 97.0.4692.71,,,1/17/2022 17:20,1/17/2022 17:20,1.742s,PASSED
,,,,,,,
Test Cases/Admin Edit Cohort,Chrome 97.0.4692.71,,,1/17/2022 17:20,1/17/2022 17:21,17.527s,PASSED
"callTestCase(findTestCase(""Admin Login""), [:], STOP_ON_FAILURE)",Chrome 97.0.4692.71,,,1/17/2022 17:20,1/17/2022 17:20,6.061s,PASSED
"click(findTestObject(""Object Repository/Page_Dashboard/span_Site administration (16)""))",Chrome 97.0.4692.71,,,1/17/2022 17:20,1/17/2022 17:21,3.794s,PASSED
"click(findTestObject(""Object Repository/Page_Moodle Administration Search/a_Users (10)""))",Chrome 97.0.4692.71,,,1/17/2022 17:21,1/17/2022 17:21,0.502s,PASSED
"click(findTestObject(""Object Repository/Page_Moodle Administration Search/a_Cohorts (2)""))",Chrome 97.0.4692.71,,,1/17/2022 17:21,1/17/2022 17:21,1.294s,PASSED
"click(findTestObject(""Object Repository/Page_Moodle Administration Users Accounts Cohorts/i_Created manually_icon fa fa-cog fa-fw (1)""))",Chrome 97.0.4692.71,,,1/17/2022 17:21,1/17/2022 17:21,1.577s,PASSED
"setText(findTestObject(""Object Repository/Page_Edit cohort/input_Name_name""), ""Cohort Edited"")",Chrome 97.0.4692.71,,,1/17/2022 17:21,1/17/2022 17:21,1.683s,PASSED
"click(findTestObject(""Object Repository/Page_Edit cohort/input_Description_submitbutton""))",Chrome 97.0.4692.71,,,1/17/2022 17:21,1/17/2022 17:21,2.225s,PASSED
,,,,,,,
Test Cases/Admin delete Cohort,Chrome 97.0.4692.71,,,1/17/2022 17:21,1/17/2022 17:21,15.761s,PASSED
"openBrowser("""")",Chrome 97.0.4692.71,,,1/17/2022 17:21,1/17/2022 17:21,1.985s,PASSED
"navigateToUrl(""http://localhost/moodle/login/index.php"")",Chrome 97.0.4692.71,,,1/17/2022 17:21,1/17/2022 17:21,0.717s,PASSED
"setText(findTestObject(""Object Repository/Page_Moodle Log in to the site/input_Username_username (45)""), ""admin"")",Chrome 97.0.4692.71,,,1/17/2022 17:21,1/17/2022 17:21,0.974s,PASSED
"setEncryptedText(findTestObject(""Object Repository/Page_Moodle Log in to the site/input_Password_password (45)""), ""8JanWqnBZBo6yBKKrpSnpw=="")",Chrome 97.0.4692.71,,,1/17/2022 17:21,1/17/2022 17:21,0.468s,PASSED
"click(findTestObject(""Object Repository/Page_Moodle Log in to the site/button_Log in (35)""))",Chrome 97.0.4692.71,,,1/17/2022 17:21,1/17/2022 17:21,2.535s,PASSED
"click(findTestObject(""Object Repository/Page_Dashboard/span_Site administration (15)""))",Chrome 97.0.4692.71,,,1/17/2022 17:21,1/17/2022 17:21,3.902s,PASSED
"click(findTestObject(""Object Repository/Page_Moodle Administration Search/a_Users (9)""))",Chrome 97.0.4692.71,,,1/17/2022 17:21,1/17/2022 17:21,0.505s,PASSED
"click(findTestObject(""Object Repository/Page_Moodle Administration Search/a_Cohorts (1)""))",Chrome 97.0.4692.71,,,1/17/2022 17:21,1/17/2022 17:21,1.322s,PASSED
"click(findTestObject(""Object Repository/Page_Moodle Administration Users Accounts Cohorts/i_Created manually_icon fa fa-trash fa-fw""))",Chrome 97.0.4692.71,,,1/17/2022 17:21,1/17/2022 17:21,1.249s,PASSED
"click(findTestObject(""Object Repository/Page_Delete cohort/button_Continue""))",Chrome 97.0.4692.71,,,1/17/2022 17:21,1/17/2022 17:21,1.498s,PASSED
,,,,,,,
Test Cases/Admin Change Password,Chrome 97.0.4692.71,,,1/17/2022 17:21,1/17/2022 17:21,15.457s,PASSED
"callTestCase(findTestCase(""Admin Login""), [:], STOP_ON_FAILURE)",Chrome 97.0.4692.71,,,1/17/2022 17:21,1/17/2022 17:21,6.205s,PASSED
"click(findTestObject(""Object Repository/Page_Dashboard/img_c H_userpicture defaultuserpic""))",Chrome 97.0.4692.71,,,1/17/2022 17:21,1/17/2022 17:21,2.619s,PASSED
"click(findTestObject(""Object Repository/Page_Dashboard/span_Profile""))",Chrome 97.0.4692.71,,,1/17/2022 17:21,1/17/2022 17:21,1.064s,PASSED
"click(findTestObject(""Object Repository/Page_c H Public profile/a_Edit profile""))",Chrome 97.0.4692.71,,,1/17/2022 17:21,1/17/2022 17:21,1.752s,PASSED
"click(findTestObject(""Object Repository/Page_Moodle Edit profile/i_Click to enter text_icon fa fa-pencil fa-fw""))",Chrome 97.0.4692.71,,,1/17/2022 17:21,1/17/2022 17:21,1.007s,PASSED
"setEncryptedText(findTestObject(""Object Repository/Page_Moodle Edit profile/input_New password_newpassword""), ""8JanWqnBZBo6yBKKrpSnpw=="")",Chrome 97.0.4692.71,,,1/17/2022 17:21,1/17/2022 17:21,0.551s,PASSED
"click(findTestObject(""Object Repository/Page_Moodle Edit profile/input_Address_submitbutton (1)""))",Chrome 97.0.4692.71,,,1/17/2022 17:21,1/17/2022 17:21,1.892s,PASSED
